Year,Age,Sex,Income,Records
1988,11,F,L,1
1988,13,F,LM,4
1988,13,M,LM,3
1988,14,F,H,16
1988,14,F,L,2
1988,14,F,LM,17
1988,14,F,UM,9
1988,14,M,L,1
1988,15,F,H,83
1988,15,F,L,14
1988,15,F,LM,8
1988,15,F,UM,57
1988,15,M,H,5
1988,15,M,LM,3
1988,15,M,UM,11
1988,16,F,H,104
1988,16,F,L,16
1988,16,F,LM,20
1988,16,F,UM,43
1988,16,M,H,21
1988,16,M,L,8
1988,16,M,LM,10
1988,16,M,UM,5
1988,17,F,H,98
1988,17,F,L,40
1988,17,F,LM,23
1988,17,F,UM,56
1988,17,M,H,45
1988,17,M,L,13
1988,17,M,LM,34
1988,17,M,UM,17
1988,18,F,H,98
1988,18,F,L,20
1988,18,F,LM,25
1988,18,F,UM,54
1988,18,M,H,98
1988,18,M,L,21
1988,18,M,LM,38
1988,18,M,UM,63
1988,19,F,H,105
1988,19,F,L,20
1988,19,F,LM,29
1988,19,F,UM,53
1988,19,M,H,205
1988,19,M,L,48
1988,19,M,LM,75
1988,19,M,UM,74
1988,20,F,H,118
1988,20,F,L,22
1988,20,F,LM,31
1988,20,F,UM,38
1988,20,M,H,308
1988,20,M,L,74
1988,20,M,LM,92
1988,20,M,UM,117
1988,21,F,H,158
1988,21,F,L,21
1988,21,F,LM,22
1988,21,F,UM,33
1988,21,M,H,352
1988,21,M,L,71
1988,21,M,LM,114
1988,21,M,UM,140
1988,22,F,H,153
1988,22,F,L,20
1988,22,F,LM,26
1988,22,F,UM,41
1988,22,M,H,501
1988,22,M,L,60
1988,22,M,LM,107
1988,22,M,UM,92
1988,23,F,H,223
1988,23,F,L,18
1988,23,F,LM,21
1988,23,F,UM,29
1988,23,M,H,429
1988,23,M,L,91
1988,23,M,LM,101
1988,23,M,UM,150
1988,24,F,H,167
1988,24,F,L,28
1988,24,F,LM,31
1988,24,F,UM,19
1988,24,M,H,485
1988,24,M,L,72
1988,24,M,LM,131
1988,24,M,UM,96
1988,25,F,H,114
1988,25,F,L,25
1988,25,F,LM,14
1988,25,F,UM,20
1988,25,M,H,448
1988,25,M,L,94
1988,25,M,LM,84
1988,25,M,UM,94
1988,26,F,H,95
1988,26,F,L,16
1988,26,F,LM,19
1988,26,F,UM,21
1988,26,M,H,365
1988,26,M,L,55
1988,26,M,LM,98
1988,26,M,UM,99
1988,27,F,H,74
1988,27,F,L,10
1988,27,F,LM,5
1988,27,F,UM,6
1988,27,M,H,339
1988,27,M,L,30
1988,27,M,LM,75
1988,27,M,UM,66
1988,28,F,H,74
1988,28,F,L,4
1988,28,F,LM,12
1988,28,F,UM,7
1988,28,M,H,240
1988,28,M,L,54
1988,28,M,LM,61
1988,28,M,UM,75
1988,29,F,H,59
1988,29,F,L,4
1988,29,F,LM,7
1988,29,F,UM,9
1988,29,M,H,212
1988,29,M,L,25
1988,29,M,LM,49
1988,29,M,UM,40
1988,30,F,H,44
1988,30,F,L,3
1988,30,F,LM,6
1988,30,F,UM,8
1988,30,M,H,148
1988,30,M,L,21
1988,30,M,LM,50
1988,30,M,UM,24
1988,31,F,H,43
1988,31,F,L,5
1988,31,F,LM,4
1988,31,F,UM,4
1988,31,M,H,130
1988,31,M,L,14
1988,31,M,LM,29
1988,31,M,UM,11
1988,32,F,H,18
1988,32,F,L,3
1988,32,F,LM,5
1988,32,M,H,115
1988,32,M,L,11
1988,32,M,LM,17
1988,32,M,UM,20
1988,33,F,H,20
1988,33,F,L,1
1988,33,F,LM,10
1988,33,M,H,60
1988,33,M,L,4
1988,33,M,LM,16
1988,33,M,UM,9
1988,34,F,H,16
1988,34,F,LM,1
1988,34,F,UM,4
1988,34,M,H,51
1988,34,M,L,8
1988,34,M,LM,11
1988,34,M,UM,6
1988,35,F,H,8
1988,35,F,UM,1
1988,35,M,H,34
1988,35,M,L,3
1988,35,M,LM,3
1988,35,M,UM,6
1988,36,F,H,11
1988,36,F,LM,1
1988,36,M,H,43
1988,36,M,L,1
1988,36,M,LM,11
1988,36,M,UM,6
1988,37,F,H,8
1988,37,F,L,2
1988,37,F,UM,2
1988,37,M,H,20
1988,37,M,L,5
1988,37,M,LM,11
1988,37,M,UM,4
1988,38,F,H,3
1988,38,F,LM,1
1988,38,F,UM,1
1988,38,M,H,18
1988,38,M,L,1
1988,38,M,LM,2
1988,39,F,H,8
1988,39,F,UM,1
1988,39,M,H,29
1988,39,M,LM,7
1988,39,M,UM,4
1988,40,F,H,3
1988,40,M,H,14
1988,40,M,L,1
1988,40,M,LM,3
1988,40,M,UM,2
1988,41,F,H,8
1988,41,M,H,13
1988,41,M,L,1
1988,41,M,LM,7
1988,41,M,UM,3
1988,42,F,H,5
1988,42,M,H,4
1988,42,M,L,2
1988,42,M,LM,2
1988,42,M,UM,1
1988,43,F,H,6
1988,43,F,LM,1
1988,43,M,H,11
1988,43,M,LM,2
1988,43,M,UM,3
1988,44,M,H,12
1988,44,M,LM,1
1988,45,F,H,4
1988,45,M,H,4
1988,45,M,UM,1
1988,46,F,H,4
1988,46,M,H,5
1988,47,F,H,2
1988,47,M,H,14
1988,48,F,H,1
1988,48,M,H,4
1988,49,F,H,2
1988,49,M,H,2
1988,49,M,UM,1
1988,50,F,H,2
1988,50,F,LM,2
1988,50,M,H,3
1988,50,M,LM,1
1988,51,F,H,4
1988,51,M,H,1
1988,52,M,H,4
1988,52,M,LM,3
1988,53,F,H,2
1988,53,M,LM,1
1988,54,F,H,1
1988,54,M,H,3
1988,54,M,LM,2
1988,55,F,H,2
1988,56,M,UM,2
1988,60,M,H,1
1988,63,F,H,1
1992,11,M,H,1
1992,12,F,UM,2
1992,13,F,H,10
1992,13,F,L,1
1992,13,F,LM,7
1992,13,F,UM,1
1992,14,F,H,36
1992,14,F,L,7
1992,14,F,LM,6
1992,14,F,UM,8
1992,14,M,LM,2
1992,14,M,UM,5
1992,15,F,H,66
1992,15,F,L,25
1992,15,F,LM,34
1992,15,F,UM,31
1992,15,M,L,2
1992,15,M,UM,5
1992,16,F,H,124
1992,16,F,L,12
1992,16,F,LM,54
1992,16,F,UM,24
1992,16,M,H,14
1992,16,M,L,5
1992,16,M,LM,26
1992,16,M,UM,11
1992,17,F,H,113
1992,17,F,L,43
1992,17,F,LM,62
1992,17,F,UM,41
1992,17,M,H,49
1992,17,M,L,19
1992,17,M,LM,40
1992,17,M,UM,23
1992,18,F,H,118
1992,18,F,L,22
1992,18,F,LM,53
1992,18,F,UM,31
1992,18,M,H,103
1992,18,M,L,43
1992,18,M,LM,58
1992,18,M,UM,55
1992,19,F,H,171
1992,19,F,L,41
1992,19,F,LM,54
1992,19,F,UM,58
1992,19,M,H,178
1992,19,M,L,51
1992,19,M,LM,101
1992,19,M,UM,151
1992,20,F,H,205
1992,20,F,L,45
1992,20,F,LM,46
1992,20,F,UM,46
1992,20,M,H,344
1992,20,M,L,63
1992,20,M,LM,154
1992,20,M,UM,125
1992,21,F,H,189
1992,21,F,L,49
1992,21,F,LM,74
1992,21,F,UM,59
1992,21,M,H,436
1992,21,M,L,64
1992,21,M,LM,161
1992,21,M,UM,193
1992,22,F,H,220
1992,22,F,L,39
1992,22,F,LM,63
1992,22,F,UM,53
1992,22,M,H,554
1992,22,M,L,72
1992,22,M,LM,187
1992,22,M,UM,176
1992,23,F,H,224
1992,23,F,L,39
1992,23,F,LM,66
1992,23,F,UM,48
1992,23,M,H,505
1992,23,M,L,83
1992,23,M,LM,175
1992,23,M,UM,125
1992,24,F,H,219
1992,24,F,L,22
1992,24,F,LM,34
1992,24,F,UM,26
1992,24,M,H,598
1992,24,M,L,98
1992,24,M,LM,184
1992,24,M,UM,142
1992,25,F,H,232
1992,25,F,L,18
1992,25,F,LM,49
1992,25,F,UM,27
1992,25,M,H,483
1992,25,M,L,63
1992,25,M,LM,174
1992,25,M,UM,119
1992,26,F,H,182
1992,26,F,L,17
1992,26,F,LM,24
1992,26,F,UM,33
1992,26,M,H,432
1992,26,M,L,51
1992,26,M,LM,115
1992,26,M,UM,113
1992,27,F,H,154
1992,27,F,L,15
1992,27,F,LM,28
1992,27,F,UM,25
1992,27,M,H,422
1992,27,M,L,44
1992,27,M,LM,95
1992,27,M,UM,111
1992,28,F,H,173
1992,28,F,L,12
1992,28,F,LM,30
1992,28,F,UM,10
1992,28,M,H,326
1992,28,M,L,37
1992,28,M,LM,84
1992,28,M,UM,77
1992,29,F,H,116
1992,29,F,L,8
1992,29,F,LM,18
1992,29,F,UM,8
1992,29,M,H,258
1992,29,M,L,24
1992,29,M,LM,57
1992,29,M,UM,72
1992,30,F,H,84
1992,30,F,L,5
1992,30,F,LM,15
1992,30,F,UM,9
1992,30,M,H,252
1992,30,M,L,20
1992,30,M,LM,39
1992,30,M,UM,56
1992,31,F,H,51
1992,31,F,L,7
1992,31,F,LM,13
1992,31,F,UM,2
1992,31,M,H,186
1992,31,M,L,13
1992,31,M,LM,30
1992,31,M,UM,30
1992,32,F,H,55
1992,32,F,L,3
1992,32,F,LM,13
1992,32,F,UM,4
1992,32,M,H,137
1992,32,M,L,15
1992,32,M,LM,24
1992,32,M,UM,42
1992,33,F,H,25
1992,33,F,LM,6
1992,33,F,UM,9
1992,33,M,H,99
1992,33,M,L,1
1992,33,M,LM,28
1992,33,M,UM,23
1992,34,F,H,12
1992,34,F,LM,1
1992,34,F,UM,3
1992,34,M,H,75
1992,34,M,L,7
1992,34,M,LM,14
1992,34,M,UM,19
1992,35,F,H,21
1992,35,F,L,2
1992,35,F,LM,2
1992,35,F,UM,5
1992,35,M,H,50
1992,35,M,L,5
1992,35,M,LM,12
1992,35,M,UM,14
1992,36,F,H,16
1992,36,F,L,1
1992,36,F,UM,4
1992,36,M,H,51
1992,36,M,LM,3
1992,36,M,UM,10
1992,37,F,H,11
1992,37,F,LM,4
1992,37,M,H,23
1992,37,M,L,3
1992,37,M,LM,10
1992,37,M,UM,4
1992,38,F,H,1
1992,38,F,L,1
1992,38,F,UM,1
1992,38,M,H,23
1992,38,M,L,4
1992,38,M,LM,5
1992,38,M,UM,7
1992,39,F,H,5
1992,39,F,UM,2
1992,39,M,H,25
1992,39,M,LM,5
1992,39,M,UM,4
1992,40,F,H,12
1992,40,F,LM,1
1992,40,F,UM,1
1992,40,M,H,14
1992,40,M,UM,6
1992,41,F,H,5
1992,41,M,H,19
1992,41,M,L,3
1992,41,M,LM,4
1992,41,M,UM,2
1992,42,F,H,2
1992,42,F,LM,2
1992,42,F,UM,3
1992,42,M,H,13
1992,42,M,L,1
1992,42,M,LM,2
1992,42,M,UM,5
1992,43,F,H,1
1992,43,M,H,8
1992,43,M,LM,2
1992,43,M,UM,1
1992,44,F,H,3
1992,44,M,H,7
1992,44,M,LM,1
1992,44,M,UM,2
1992,45,F,H,2
1992,45,M,H,10
1992,45,M,LM,6
1992,46,F,H,2
1992,46,M,H,5
1992,46,M,UM,6
1992,47,F,H,2
1992,47,F,UM,1
1992,47,M,H,4
1992,48,F,UM,1
1992,48,M,H,4
1992,49,F,H,2
1992,49,M,H,6
1992,49,M,UM,2
1992,50,F,H,2
1992,50,M,H,3
1992,50,M,LM,1
1992,50,M,UM,4
1992,51,M,H,1
1992,51,M,UM,1
1992,52,F,H,2
1992,52,M,H,4
1992,53,F,H,2
1992,54,M,H,2
1992,56,M,H,2
1992,56,M,LM,1
1992,56,M,UM,2
1992,58,M,H,2
1992,58,M,LM,1
1992,61,M,UM,1
1992,62,M,H,1
1994,13,F,L,1
1994,13,F,LM,1
1994,13,F,UM,1
1994,14,F,UM,4
1994,15,F,L,1
1994,15,F,LM,1
1994,15,F,UM,3
1994,15,M,H,1
1994,15,M,UM,5
1994,16,F,H,5
1994,16,F,L,4
1994,16,F,LM,19
1994,16,F,UM,3
1994,16,M,H,12
1994,16,M,LM,2
1994,17,F,H,12
1994,17,F,L,4
1994,17,F,LM,6
1994,17,F,UM,10
1994,17,M,H,4
1994,17,M,L,2
1994,17,M,LM,3
1994,18,F,H,25
1994,18,F,L,2
1994,18,F,LM,12
1994,18,F,UM,26
1994,18,M,H,20
1994,18,M,L,3
1994,18,M,LM,7
1994,18,M,UM,3
1994,19,F,H,35
1994,19,F,LM,19
1994,19,F,UM,12
1994,19,M,H,40
1994,19,M,L,5
1994,19,M,LM,17
1994,19,M,UM,11
1994,20,F,H,30
1994,20,F,L,3
1994,20,F,LM,18
1994,20,F,UM,9
1994,20,M,H,56
1994,20,M,L,4
1994,20,M,LM,31
1994,20,M,UM,9
1994,21,F,H,48
1994,21,F,L,5
1994,21,F,LM,47
1994,21,F,UM,14
1994,21,M,H,111
1994,21,M,L,1
1994,21,M,LM,33
1994,21,M,UM,23
1994,22,F,H,58
1994,22,F,L,4
1994,22,F,LM,35
1994,22,F,UM,13
1994,22,M,H,131
1994,22,M,L,2
1994,22,M,LM,57
1994,22,M,UM,12
1994,23,F,H,76
1994,23,F,L,4
1994,23,F,LM,26
1994,23,M,H,151
1994,23,M,L,3
1994,23,M,LM,49
1994,23,M,UM,18
1994,24,F,H,68
1994,24,F,L,3
1994,24,F,LM,19
1994,24,F,UM,7
1994,24,M,H,133
1994,24,M,L,2
1994,24,M,LM,50
1994,24,M,UM,13
1994,25,F,H,49
1994,25,F,L,2
1994,25,F,LM,34
1994,25,M,H,111
1994,25,M,L,3
1994,25,M,LM,31
1994,25,M,UM,8
1994,26,F,H,43
1994,26,F,LM,13
1994,26,F,UM,3
1994,26,M,H,159
1994,26,M,L,3
1994,26,M,LM,33
1994,26,M,UM,15
1994,27,F,H,54
1994,27,F,LM,14
1994,27,F,UM,5
1994,27,M,H,90
1994,27,M,LM,31
1994,27,M,UM,13
1994,28,F,H,40
1994,28,F,LM,16
1994,28,F,UM,3
1994,28,M,H,90
1994,28,M,L,3
1994,28,M,LM,39
1994,28,M,UM,21
1994,29,F,H,19
1994,29,F,L,2
1994,29,F,LM,10
1994,29,F,UM,3
1994,29,M,H,60
1994,29,M,LM,26
1994,29,M,UM,6
1994,30,F,H,18
1994,30,F,LM,19
1994,30,M,H,55
1994,30,M,L,1
1994,30,M,LM,16
1994,30,M,UM,8
1994,31,F,H,17
1994,31,M,H,52
1994,31,M,LM,9
1994,31,M,UM,12
1994,32,F,H,13
1994,32,F,LM,4
1994,32,M,H,27
1994,32,M,LM,7
1994,32,M,UM,1
1994,33,F,H,9
1994,33,F,LM,7
1994,33,M,H,29
1994,33,M,L,1
1994,33,M,LM,2
1994,33,M,UM,1
1994,34,F,H,4
1994,34,F,LM,3
1994,34,M,H,10
1994,34,M,LM,5
1994,35,M,H,12
1994,35,M,LM,3
1994,35,M,UM,2
1994,36,F,H,2
1994,36,F,LM,1
1994,36,M,H,8
1994,36,M,L,1
1994,36,M,UM,2
1994,37,M,H,2
1994,37,M,LM,1
1994,38,F,H,4
1994,38,M,LM,1
1994,40,M,H,2
1994,43,M,H,3
1996,12,F,L,1
1996,13,F,H,3
1996,13,F,L,2
1996,13,F,LM,1
1996,13,F,UM,2
1996,14,F,H,37
1996,14,F,L,14
1996,14,F,LM,1
1996,14,F,UM,2
1996,14,M,H,1
1996,15,F,H,115
1996,15,F,L,17
1996,15,F,LM,56
1996,15,F,UM,22
1996,15,M,H,2
1996,15,M,LM,1
1996,15,M,UM,4
1996,16,F,H,117
1996,16,F,L,20
1996,16,F,LM,86
1996,16,F,UM,15
1996,16,M,H,12
1996,16,M,L,2
1996,16,M,LM,7
1996,16,M,UM,1
1996,17,F,H,97
1996,17,F,L,36
1996,17,F,LM,79
1996,17,F,UM,40
1996,17,M,H,27
1996,17,M,L,17
1996,17,M,LM,26
1996,17,M,UM,21
1996,18,F,H,162
1996,18,F,L,14
1996,18,F,LM,42
1996,18,F,UM,48
1996,18,M,H,56
1996,18,M,L,33
1996,18,M,LM,34
1996,18,M,UM,33
1996,19,F,H,125
1996,19,F,L,29
1996,19,F,LM,56
1996,19,F,UM,19
1996,19,M,H,119
1996,19,M,L,40
1996,19,M,LM,105
1996,19,M,UM,53
1996,20,F,H,137
1996,20,F,L,36
1996,20,F,LM,53
1996,20,F,UM,32
1996,20,M,H,173
1996,20,M,L,52
1996,20,M,LM,134
1996,20,M,UM,89
1996,21,F,H,175
1996,21,F,L,32
1996,21,F,LM,77
1996,21,F,UM,47
1996,21,M,H,263
1996,21,M,L,86
1996,21,M,LM,153
1996,21,M,UM,134
1996,22,F,H,149
1996,22,F,L,32
1996,22,F,LM,69
1996,22,F,UM,56
1996,22,M,H,344
1996,22,M,L,88
1996,22,M,LM,200
1996,22,M,UM,136
1996,23,F,H,176
1996,23,F,L,39
1996,23,F,LM,67
1996,23,F,UM,38
1996,23,M,H,408
1996,23,M,L,92
1996,23,M,LM,228
1996,23,M,UM,137
1996,24,F,H,202
1996,24,F,L,37
1996,24,F,LM,79
1996,24,F,UM,45
1996,24,M,H,367
1996,24,M,L,80
1996,24,M,LM,239
1996,24,M,UM,118
1996,25,F,H,182
1996,25,F,L,33
1996,25,F,LM,68
1996,25,F,UM,32
1996,25,M,H,344
1996,25,M,L,61
1996,25,M,LM,169
1996,25,M,UM,95
1996,26,F,H,183
1996,26,F,L,28
1996,26,F,LM,53
1996,26,F,UM,40
1996,26,M,H,384
1996,26,M,L,52
1996,26,M,LM,168
1996,26,M,UM,95
1996,27,F,H,184
1996,27,F,L,25
1996,27,F,LM,64
1996,27,F,UM,26
1996,27,M,H,323
1996,27,M,L,56
1996,27,M,LM,131
1996,27,M,UM,81
1996,28,F,H,145
1996,28,F,L,16
1996,28,F,LM,43
1996,28,F,UM,15
1996,28,M,H,266
1996,28,M,L,47
1996,28,M,LM,114
1996,28,M,UM,80
1996,29,F,H,123
1996,29,F,L,11
1996,29,F,LM,40
1996,29,F,UM,22
1996,29,M,H,189
1996,29,M,L,32
1996,29,M,LM,112
1996,29,M,UM,68
1996,30,F,H,96
1996,30,F,L,4
1996,30,F,LM,25
1996,30,F,UM,23
1996,30,M,H,184
1996,30,M,L,26
1996,30,M,LM,56
1996,30,M,UM,64
1996,31,F,H,91
1996,31,F,L,7
1996,31,F,LM,31
1996,31,F,UM,15
1996,31,M,H,117
1996,31,M,L,26
1996,31,M,LM,56
1996,31,M,UM,44
1996,32,F,H,68
1996,32,F,L,5
1996,32,F,LM,19
1996,32,F,UM,12
1996,32,M,H,128
1996,32,M,L,12
1996,32,M,LM,44
1996,32,M,UM,29
1996,33,F,H,51
1996,33,F,L,4
1996,33,F,LM,16
1996,33,F,UM,9
1996,33,M,H,92
1996,33,M,L,7
1996,33,M,LM,26
1996,33,M,UM,31
1996,34,F,H,45
1996,34,F,L,3
1996,34,F,LM,8
1996,34,F,UM,3
1996,34,M,H,96
1996,34,M,L,4
1996,34,M,LM,23
1996,34,M,UM,25
1996,35,F,H,29
1996,35,F,L,2
1996,35,F,LM,15
1996,35,F,UM,2
1996,35,M,H,70
1996,35,M,L,5
1996,35,M,LM,18
1996,35,M,UM,11
1996,36,F,H,21
1996,36,F,L,1
1996,36,F,LM,6
1996,36,F,UM,3
1996,36,M,H,42
1996,36,M,L,4
1996,36,M,LM,13
1996,36,M,UM,4
1996,37,F,H,24
1996,37,F,L,1
1996,37,F,LM,3
1996,37,F,UM,3
1996,37,M,H,39
1996,37,M,L,2
1996,37,M,LM,10
1996,37,M,UM,4
1996,38,F,H,15
1996,38,F,L,2
1996,38,F,LM,1
1996,38,M,H,29
1996,38,M,LM,6
1996,38,M,UM,7
1996,39,F,H,5
1996,39,F,L,2
1996,39,F,UM,1
1996,39,M,H,22
1996,39,M,LM,9
1996,39,M,UM,8
1996,40,F,H,3
1996,40,F,UM,2
1996,40,M,H,32
1996,40,M,LM,2
1996,40,M,UM,2
1996,41,F,H,7
1996,41,F,LM,2
1996,41,F,UM,1
1996,41,M,H,13
1996,41,M,LM,2
1996,41,M,UM,3
1996,42,F,H,3
1996,42,F,UM,1
1996,42,M,H,14
1996,42,M,LM,2
1996,42,M,UM,7
1996,43,F,H,4
1996,43,M,H,14
1996,43,M,L,1
1996,43,M,UM,4
1996,44,F,H,2
1996,44,F,LM,2
1996,44,M,H,12
1996,44,M,LM,1
1996,44,M,UM,1
1996,45,F,H,5
1996,45,M,H,8
1996,45,M,L,1
1996,45,M,LM,8
1996,45,M,UM,5
1996,46,M,H,5
1996,46,M,L,1
1996,46,M,LM,3
1996,47,F,H,2
1996,47,M,H,2
1996,48,F,H,2
1996,48,M,H,5
1996,49,F,H,2
1996,49,M,H,2
1996,49,M,LM,2
1996,50,F,H,4
1996,50,M,H,3
1996,50,M,UM,2
1996,51,F,H,2
1996,51,F,LM,1
1996,51,M,H,1
1996,51,M,LM,1
1996,53,M,H,6
1996,54,F,H,2
1996,54,M,UM,2
1996,56,M,H,2
1996,58,F,H,2
1996,62,M,H,2
1996,63,M,H,2
1996,63,M,UM,2
1998,14,M,UM,3
1998,15,F,H,2
1998,15,F,LM,2
1998,15,F,UM,1
1998,15,M,UM,3
1998,16,F,H,6
1998,16,F,L,3
1998,16,F,LM,3
1998,16,F,UM,11
1998,16,M,H,9
1998,16,M,L,1
1998,16,M,LM,1
1998,16,M,UM,5
1998,17,F,H,14
1998,17,F,L,4
1998,17,F,LM,1
1998,17,F,UM,8
1998,17,M,H,6
1998,17,M,L,2
1998,17,M,LM,2
1998,17,M,UM,12
1998,18,F,H,22
1998,18,F,L,10
1998,18,F,LM,6
1998,18,F,UM,14
1998,18,M,H,25
1998,18,M,L,2
1998,18,M,LM,7
1998,18,M,UM,8
1998,19,F,H,32
1998,19,F,L,7
1998,19,F,LM,12
1998,19,F,UM,4
1998,19,M,H,16
1998,19,M,L,9
1998,19,M,LM,18
1998,19,M,UM,16
1998,20,F,H,44
1998,20,F,L,11
1998,20,F,LM,22
1998,20,F,UM,15
1998,20,M,H,60
1998,20,M,L,2
1998,20,M,LM,29
1998,20,M,UM,22
1998,21,F,H,61
1998,21,F,L,9
1998,21,F,LM,23
1998,21,F,UM,14
1998,21,M,H,84
1998,21,M,L,5
1998,21,M,LM,28
1998,21,M,UM,26
1998,22,F,H,83
1998,22,F,L,5
1998,22,F,LM,31
1998,22,F,UM,14
1998,22,M,H,91
1998,22,M,L,4
1998,22,M,LM,20
1998,22,M,UM,13
1998,23,F,H,107
1998,23,F,L,6
1998,23,F,LM,17
1998,23,F,UM,7
1998,23,M,H,102
1998,23,M,L,7
1998,23,M,LM,40
1998,23,M,UM,27
1998,24,F,H,85
1998,24,F,L,11
1998,24,F,LM,10
1998,24,F,UM,16
1998,24,M,H,130
1998,24,M,L,5
1998,24,M,LM,39
1998,24,M,UM,33
1998,25,F,H,86
1998,25,F,L,7
1998,25,F,LM,31
1998,25,F,UM,17
1998,25,M,H,142
1998,25,M,L,1
1998,25,M,LM,34
1998,25,M,UM,26
1998,26,F,H,75
1998,26,F,L,2
1998,26,F,LM,24
1998,26,F,UM,6
1998,26,M,H,115
1998,26,M,L,2
1998,26,M,LM,48
1998,26,M,UM,18
1998,27,F,H,57
1998,27,F,LM,18
1998,27,F,UM,6
1998,27,M,H,134
1998,27,M,L,1
1998,27,M,LM,43
1998,27,M,UM,23
1998,28,F,H,55
1998,28,F,L,2
1998,28,F,LM,13
1998,28,F,UM,6
1998,28,M,H,133
1998,28,M,LM,30
1998,28,M,UM,14
1998,29,F,H,46
1998,29,F,L,4
1998,29,F,LM,14
1998,29,M,H,87
1998,29,M,L,3
1998,29,M,LM,15
1998,29,M,UM,7
1998,30,F,H,28
1998,30,F,LM,1
1998,30,M,H,90
1998,30,M,LM,17
1998,30,M,UM,16
1998,31,F,H,31
1998,31,F,LM,7
1998,31,M,H,50
1998,31,M,LM,14
1998,31,M,UM,3
1998,32,F,H,23
1998,32,F,LM,11
1998,32,F,UM,1
1998,32,M,H,50
1998,32,M,L,2
1998,32,M,LM,19
1998,32,M,UM,6
1998,33,F,H,11
1998,33,F,LM,3
1998,33,M,H,32
1998,33,M,LM,14
1998,33,M,UM,2
1998,34,F,H,7
1998,34,F,LM,5
1998,34,F,UM,3
1998,34,M,H,25
1998,34,M,LM,3
1998,34,M,UM,5
1998,35,F,H,7
1998,35,M,H,19
1998,35,M,LM,4
1998,35,M,UM,5
1998,36,F,H,6
1998,36,F,UM,1
1998,36,M,H,5
1998,36,M,LM,1
1998,36,M,UM,2
1998,37,F,H,2
1998,37,F,LM,4
1998,37,F,UM,3
1998,37,M,H,12
1998,38,F,H,1
1998,38,M,H,1
1998,39,F,H,1
1998,39,M,H,10
1998,39,M,UM,1
1998,40,F,H,1
1998,40,F,UM,1
1998,40,M,LM,1
1998,40,M,UM,1
1998,42,F,H,1
1998,42,M,H,1
1998,43,M,LM,1
1998,50,M,H,1
2000,13,F,H,1
2000,13,F,LM,1
2000,14,F,H,3
2000,14,F,L,4
2000,14,F,LM,8
2000,14,F,UM,4
2000,14,M,L,1
2000,14,M,UM,1
2000,15,F,H,37
2000,15,F,L,11
2000,15,F,LM,38
2000,15,F,UM,21
2000,15,M,H,2
2000,15,M,LM,1
2000,15,M,UM,2
2000,16,F,H,134
2000,16,F,L,24
2000,16,F,LM,57
2000,16,F,UM,34
2000,16,M,H,5
2000,16,M,L,3
2000,16,M,LM,4
2000,16,M,UM,6
2000,17,F,H,88
2000,17,F,L,19
2000,17,F,LM,45
2000,17,F,UM,41
2000,17,M,H,31
2000,17,M,L,11
2000,17,M,LM,14
2000,17,M,UM,18
2000,18,F,H,101
2000,18,F,L,34
2000,18,F,LM,64
2000,18,F,UM,28
2000,18,M,H,55
2000,18,M,L,17
2000,18,M,LM,32
2000,18,M,UM,39
2000,19,F,H,137
2000,19,F,L,44
2000,19,F,LM,62
2000,19,F,UM,35
2000,19,M,H,107
2000,19,M,L,42
2000,19,M,LM,72
2000,19,M,UM,35
2000,20,F,H,120
2000,20,F,L,26
2000,20,F,LM,107
2000,20,F,UM,53
2000,20,M,H,164
2000,20,M,L,41
2000,20,M,LM,66
2000,20,M,UM,89
2000,21,F,H,155
2000,21,F,L,41
2000,21,F,LM,95
2000,21,F,UM,49
2000,21,M,H,239
2000,21,M,L,75
2000,21,M,LM,138
2000,21,M,UM,116
2000,22,F,H,198
2000,22,F,L,38
2000,22,F,LM,73
2000,22,F,UM,67
2000,22,M,H,282
2000,22,M,L,99
2000,22,M,LM,181
2000,22,M,UM,130
2000,23,F,H,170
2000,23,F,L,31
2000,23,F,LM,72
2000,23,F,UM,61
2000,23,M,H,330
2000,23,M,L,72
2000,23,M,LM,171
2000,23,M,UM,173
2000,24,F,H,201
2000,24,F,L,48
2000,24,F,LM,92
2000,24,F,UM,56
2000,24,M,H,341
2000,24,M,L,71
2000,24,M,LM,161
2000,24,M,UM,164
2000,25,F,H,194
2000,25,F,L,42
2000,25,F,LM,75
2000,25,F,UM,55
2000,25,M,H,283
2000,25,M,L,68
2000,25,M,LM,147
2000,25,M,UM,137
2000,26,F,H,175
2000,26,F,L,29
2000,26,F,LM,69
2000,26,F,UM,65
2000,26,M,H,304
2000,26,M,L,85
2000,26,M,LM,157
2000,26,M,UM,120
2000,27,F,H,199
2000,27,F,L,26
2000,27,F,LM,75
2000,27,F,UM,37
2000,27,M,H,314
2000,27,M,L,61
2000,27,M,LM,101
2000,27,M,UM,119
2000,28,F,H,154
2000,28,F,L,27
2000,28,F,LM,57
2000,28,F,UM,36
2000,28,M,H,254
2000,28,M,L,72
2000,28,M,LM,95
2000,28,M,UM,94
2000,29,F,H,129
2000,29,F,L,28
2000,29,F,LM,47
2000,29,F,UM,25
2000,29,M,H,229
2000,29,M,L,43
2000,29,M,LM,79
2000,29,M,UM,75
2000,30,F,H,116
2000,30,F,L,21
2000,30,F,LM,46
2000,30,F,UM,27
2000,30,M,H,216
2000,30,M,L,26
2000,30,M,LM,57
2000,30,M,UM,56
2000,31,F,H,117
2000,31,F,L,12
2000,31,F,LM,42
2000,31,F,UM,19
2000,31,M,H,162
2000,31,M,L,25
2000,31,M,LM,45
2000,31,M,UM,48
2000,32,F,H,77
2000,32,F,L,11
2000,32,F,LM,19
2000,32,F,UM,10
2000,32,M,H,136
2000,32,M,L,22
2000,32,M,LM,44
2000,32,M,UM,41
2000,33,F,H,50
2000,33,F,L,8
2000,33,F,LM,14
2000,33,F,UM,12
2000,33,M,H,105
2000,33,M,L,9
2000,33,M,LM,43
2000,33,M,UM,30
2000,34,F,H,53
2000,34,F,L,3
2000,34,F,LM,21
2000,34,F,UM,11
2000,34,M,H,77
2000,34,M,L,10
2000,34,M,LM,22
2000,34,M,UM,21
2000,35,F,H,41
2000,35,F,L,6
2000,35,F,LM,20
2000,35,F,UM,8
2000,35,M,H,56
2000,35,M,L,8
2000,35,M,LM,12
2000,35,M,UM,16
2000,36,F,H,29
2000,36,F,L,3
2000,36,F,LM,15
2000,36,F,UM,3
2000,36,M,H,54
2000,36,M,L,8
2000,36,M,LM,16
2000,36,M,UM,8
2000,37,F,H,22
2000,37,F,L,1
2000,37,F,LM,6
2000,37,F,UM,2
2000,37,M,H,58
2000,37,M,L,1
2000,37,M,LM,10
2000,37,M,UM,14
2000,38,F,H,28
2000,38,F,L,2
2000,38,F,LM,1
2000,38,F,UM,2
2000,38,M,H,41
2000,38,M,L,2
2000,38,M,LM,7
2000,38,M,UM,10
2000,39,F,H,10
2000,39,F,L,2
2000,39,F,LM,4
2000,39,M,H,22
2000,39,M,L,1
2000,39,M,LM,6
2000,39,M,UM,1
2000,40,F,H,6
2000,40,F,LM,6
2000,40,M,H,23
2000,40,M,L,2
2000,40,M,LM,7
2000,40,M,UM,2
2000,41,F,H,14
2000,41,M,H,26
2000,41,M,LM,5
2000,41,M,UM,1
2000,42,F,H,13
2000,42,F,L,3
2000,42,M,H,20
2000,42,M,LM,1
2000,43,F,H,5
2000,43,F,UM,1
2000,43,M,H,15
2000,43,M,LM,5
2000,43,M,UM,4
2000,44,F,H,2
2000,44,M,H,15
2000,44,M,LM,4
2000,44,M,UM,2
2000,45,F,H,5
2000,45,F,LM,2
2000,45,M,H,10
2000,45,M,LM,1
2000,45,M,UM,1
2000,46,F,H,2
2000,46,M,H,14
2000,47,M,H,7
2000,47,M,UM,2
2000,49,F,H,2
2000,49,M,H,3
2000,49,M,LM,1
2000,49,M,UM,2
2000,51,F,LM,1
2000,51,M,LM,1
2000,52,M,H,1
2000,53,F,H,2
2000,53,M,H,2
2000,53,M,LM,1
2000,54,M,UM,1
2000,57,M,UM,1
2000,59,M,UM,1
2000,62,M,LM,1
2002,15,F,H,3
2002,15,F,UM,5
2002,15,M,L,1
2002,16,F,H,4
2002,16,F,LM,3
2002,16,M,H,5
2002,16,M,UM,3
2002,17,F,H,14
2002,17,F,LM,2
2002,17,F,UM,21
2002,17,M,H,10
2002,17,M,LM,9
2002,17,M,UM,1
2002,18,F,H,20
2002,18,F,LM,12
2002,18,F,UM,2
2002,18,M,H,22
2002,18,M,LM,19
2002,18,M,UM,9
2002,19,F,H,26
2002,19,F,L,1
2002,19,F,LM,27
2002,19,F,UM,10
2002,19,M,H,44
2002,19,M,LM,16
2002,19,M,UM,8
2002,20,F,H,53
2002,20,F,L,2
2002,20,F,LM,23
2002,20,F,UM,15
2002,20,M,H,49
2002,20,M,L,3
2002,20,M,LM,21
2002,20,M,UM,15
2002,21,F,H,80
2002,21,F,L,1
2002,21,F,LM,20
2002,21,F,UM,1
2002,21,M,H,80
2002,21,M,L,1
2002,21,M,LM,29
2002,21,M,UM,28
2002,22,F,H,81
2002,22,F,LM,26
2002,22,F,UM,9
2002,22,M,H,108
2002,22,M,L,3
2002,22,M,LM,35
2002,22,M,UM,18
2002,23,F,H,81
2002,23,F,L,3
2002,23,F,LM,36
2002,23,F,UM,18
2002,23,M,H,88
2002,23,M,L,1
2002,23,M,LM,51
2002,23,M,UM,38
2002,24,F,H,78
2002,24,F,LM,49
2002,24,F,UM,17
2002,24,M,H,162
2002,24,M,L,2
2002,24,M,LM,37
2002,24,M,UM,41
2002,25,F,H,96
2002,25,F,LM,25
2002,25,F,UM,12
2002,25,M,H,120
2002,25,M,L,2
2002,25,M,LM,49
2002,25,M,UM,36
2002,26,F,H,99
2002,26,F,LM,27
2002,26,F,UM,3
2002,26,M,H,133
2002,26,M,L,4
2002,26,M,LM,18
2002,26,M,UM,18
2002,27,F,H,92
2002,27,F,LM,31
2002,27,F,UM,3
2002,27,M,H,111
2002,27,M,L,1
2002,27,M,LM,36
2002,27,M,UM,30
2002,28,F,H,97
2002,28,F,L,1
2002,28,F,LM,18
2002,28,F,UM,13
2002,28,M,H,129
2002,28,M,LM,21
2002,28,M,UM,30
2002,29,F,H,42
2002,29,F,L,3
2002,29,F,LM,29
2002,29,F,UM,8
2002,29,M,H,137
2002,29,M,L,4
2002,29,M,LM,21
2002,29,M,UM,30
2002,30,F,H,50
2002,30,F,LM,13
2002,30,F,UM,5
2002,30,M,H,89
2002,30,M,L,2
2002,30,M,LM,24
2002,30,M,UM,23
2002,31,F,H,32
2002,31,F,LM,11
2002,31,F,UM,3
2002,31,M,H,91
2002,31,M,LM,20
2002,31,M,UM,29
2002,32,F,H,15
2002,32,F,LM,3
2002,32,F,UM,4
2002,32,M,H,77
2002,32,M,L,1
2002,32,M,LM,10
2002,32,M,UM,12
2002,33,F,H,18
2002,33,F,LM,3
2002,33,F,UM,3
2002,33,M,H,38
2002,33,M,L,3
2002,33,M,LM,11
2002,33,M,UM,4
2002,34,F,H,19
2002,34,F,LM,1
2002,34,M,H,63
2002,34,M,LM,7
2002,34,M,UM,6
2002,35,F,H,15
2002,35,F,LM,8
2002,35,M,H,18
2002,35,M,LM,4
2002,35,M,UM,1
2002,36,F,H,4
2002,36,F,LM,7
2002,36,F,UM,1
2002,36,M,H,12
2002,36,M,L,2
2002,36,M,LM,4
2002,36,M,UM,5
2002,37,F,H,9
2002,37,F,L,1
2002,37,F,LM,4
2002,37,M,H,9
2002,37,M,LM,4
2002,37,M,UM,2
2002,38,F,H,2
2002,38,M,H,9
2002,38,M,LM,1
2002,38,M,UM,2
2002,39,M,H,13
2002,39,M,UM,4
2002,40,F,UM,1
2002,40,M,H,2
2002,40,M,UM,2
2002,41,F,H,1
2002,41,M,H,4
2002,41,M,LM,1
2002,43,F,H,1
2002,43,M,H,4
2002,43,M,LM,2
2002,44,M,H,1
2002,45,F,H,1
2002,45,M,H,1
2002,45,M,UM,2
2002,48,F,H,1
2002,48,M,UM,1
2004,13,F,H,1
2004,13,F,L,2
2004,13,F,LM,1
2004,14,F,H,1
2004,14,F,L,3
2004,14,F,LM,4
2004,14,F,UM,2
2004,14,M,H,2
2004,14,M,L,1
2004,14,M,UM,1
2004,15,F,H,53
2004,15,F,L,9
2004,15,F,LM,18
2004,15,F,UM,13
2004,15,M,L,4
2004,15,M,LM,3
2004,15,M,UM,2
2004,16,F,H,94
2004,16,F,L,16
2004,16,F,LM,61
2004,16,F,UM,19
2004,16,M,H,13
2004,16,M,L,4
2004,16,M,LM,6
2004,16,M,UM,4
2004,17,F,H,97
2004,17,F,L,28
2004,17,F,LM,54
2004,17,F,UM,11
2004,17,M,H,12
2004,17,M,L,6
2004,17,M,LM,17
2004,17,M,UM,14
2004,18,F,H,118
2004,18,F,L,9
2004,18,F,LM,73
2004,18,F,UM,50
2004,18,M,H,51
2004,18,M,L,25
2004,18,M,LM,21
2004,18,M,UM,24
2004,19,F,H,136
2004,19,F,L,21
2004,19,F,LM,104
2004,19,F,UM,38
2004,19,M,H,112
2004,19,M,L,31
2004,19,M,LM,59
2004,19,M,UM,54
2004,20,F,H,134
2004,20,F,L,25
2004,20,F,LM,62
2004,20,F,UM,59
2004,20,M,H,123
2004,20,M,L,38
2004,20,M,LM,115
2004,20,M,UM,71
2004,21,F,H,172
2004,21,F,L,17
2004,21,F,LM,90
2004,21,F,UM,70
2004,21,M,H,233
2004,21,M,L,32
2004,21,M,LM,96
2004,21,M,UM,86
2004,22,F,H,183
2004,22,F,L,25
2004,22,F,LM,110
2004,22,F,UM,63
2004,22,M,H,281
2004,22,M,L,47
2004,22,M,LM,162
2004,22,M,UM,114
2004,23,F,H,210
2004,23,F,L,16
2004,23,F,LM,94
2004,23,F,UM,65
2004,23,M,H,344
2004,23,M,L,52
2004,23,M,LM,186
2004,23,M,UM,133
2004,24,F,H,213
2004,24,F,L,21
2004,24,F,LM,79
2004,24,F,UM,57
2004,24,M,H,374
2004,24,M,L,37
2004,24,M,LM,158
2004,24,M,UM,98
2004,25,F,H,244
2004,25,F,L,20
2004,25,F,LM,100
2004,25,F,UM,58
2004,25,M,H,312
2004,25,M,L,35
2004,25,M,LM,136
2004,25,M,UM,111
2004,26,F,H,199
2004,26,F,L,19
2004,26,F,LM,65
2004,26,F,UM,50
2004,26,M,H,310
2004,26,M,L,30
2004,26,M,LM,127
2004,26,M,UM,123
2004,27,F,H,191
2004,27,F,L,16
2004,27,F,LM,54
2004,27,F,UM,52
2004,27,M,H,312
2004,27,M,L,25
2004,27,M,LM,84
2004,27,M,UM,97
2004,28,F,H,160
2004,28,F,L,24
2004,28,F,LM,63
2004,28,F,UM,65
2004,28,M,H,330
2004,28,M,L,22
2004,28,M,LM,109
2004,28,M,UM,124
2004,29,F,H,149
2004,29,F,L,12
2004,29,F,LM,37
2004,29,F,UM,34
2004,29,M,H,222
2004,29,M,L,17
2004,29,M,LM,82
2004,29,M,UM,86
2004,30,F,H,136
2004,30,F,L,4
2004,30,F,LM,40
2004,30,F,UM,40
2004,30,M,H,155
2004,30,M,L,22
2004,30,M,LM,81
2004,30,M,UM,74
2004,31,F,H,102
2004,31,F,L,5
2004,31,F,LM,28
2004,31,F,UM,36
2004,31,M,H,188
2004,31,M,L,11
2004,31,M,LM,65
2004,31,M,UM,47
2004,32,F,H,79
2004,32,F,L,7
2004,32,F,LM,44
2004,32,F,UM,26
2004,32,M,H,141
2004,32,M,L,9
2004,32,M,LM,34
2004,32,M,UM,54
2004,33,F,H,65
2004,33,F,L,5
2004,33,F,LM,25
2004,33,F,UM,19
2004,33,M,H,103
2004,33,M,L,5
2004,33,M,LM,31
2004,33,M,UM,31
2004,34,F,H,64
2004,34,F,L,3
2004,34,F,LM,16
2004,34,F,UM,12
2004,34,M,H,94
2004,34,M,L,3
2004,34,M,LM,20
2004,34,M,UM,39
2004,35,F,H,39
2004,35,F,L,5
2004,35,F,LM,16
2004,35,F,UM,15
2004,35,M,H,68
2004,35,M,L,3
2004,35,M,LM,15
2004,35,M,UM,22
2004,36,F,H,33
2004,36,F,L,4
2004,36,F,LM,8
2004,36,F,UM,10
2004,36,M,H,36
2004,36,M,L,3
2004,36,M,LM,20
2004,36,M,UM,15
2004,37,F,H,23
2004,37,F,L,1
2004,37,F,LM,2
2004,37,F,UM,1
2004,37,M,H,31
2004,37,M,L,3
2004,37,M,LM,11
2004,37,M,UM,19
2004,38,F,H,16
2004,38,F,L,1
2004,38,F,LM,5
2004,38,F,UM,5
2004,38,M,H,31
2004,38,M,L,1
2004,38,M,LM,6
2004,38,M,UM,6
2004,39,F,H,9
2004,39,F,LM,4
2004,39,F,UM,5
2004,39,M,H,29
2004,39,M,LM,4
2004,39,M,UM,6
2004,40,F,H,14
2004,40,F,LM,3
2004,40,F,UM,3
2004,40,M,H,26
2004,40,M,L,2
2004,40,M,LM,4
2004,40,M,UM,4
2004,41,F,H,7
2004,41,F,LM,5
2004,41,F,UM,3
2004,41,M,H,26
2004,41,M,LM,7
2004,41,M,UM,6
2004,42,F,H,10
2004,42,F,LM,1
2004,42,M,H,10
2004,42,M,LM,5
2004,42,M,UM,2
2004,43,F,H,6
2004,43,F,L,1
2004,43,F,LM,1
2004,43,F,UM,1
2004,43,M,H,14
2004,43,M,L,1
2004,43,M,LM,3
2004,43,M,UM,1
2004,44,F,H,5
2004,44,M,H,19
2004,44,M,L,1
2004,44,M,LM,1
2004,45,F,H,5
2004,45,M,H,18
2004,45,M,LM,1
2004,45,M,UM,2
2004,46,F,H,2
2004,46,F,LM,2
2004,46,M,H,8
2004,47,F,H,2
2004,47,F,UM,1
2004,47,M,H,7
2004,47,M,LM,1
2004,47,M,UM,2
2004,48,F,H,2
2004,48,M,H,8
2004,48,M,LM,2
2004,49,F,H,6
2004,49,M,H,6
2004,50,F,H,2
2004,50,M,H,4
2004,51,M,H,2
2004,52,F,H,4
2004,52,F,LM,2
2004,52,M,UM,4
2004,53,F,H,2
2004,55,F,H,2
2004,56,F,H,1
2004,57,M,H,1
2004,57,M,UM,1
2006,14,F,LM,1
2006,15,F,H,8
2006,15,M,H,1
2006,16,F,H,21
2006,16,F,L,1
2006,16,F,LM,3
2006,16,F,UM,6
2006,16,M,H,5
2006,16,M,LM,1
2006,16,M,UM,3
2006,17,F,H,22
2006,17,F,LM,4
2006,17,F,UM,9
2006,17,M,H,17
2006,17,M,LM,5
2006,17,M,UM,2
2006,18,F,H,26
2006,18,F,LM,1
2006,18,F,UM,22
2006,18,M,H,20
2006,18,M,L,1
2006,18,M,LM,5
2006,18,M,UM,16
2006,19,F,H,44
2006,19,F,L,1
2006,19,F,LM,8
2006,19,F,UM,6
2006,19,M,H,41
2006,19,M,L,2
2006,19,M,LM,7
2006,19,M,UM,26
2006,20,F,H,84
2006,20,F,L,4
2006,20,F,LM,19
2006,20,F,UM,12
2006,20,M,H,57
2006,20,M,LM,9
2006,20,M,UM,25
2006,21,F,H,75
2006,21,F,LM,8
2006,21,F,UM,36
2006,21,M,H,81
2006,21,M,L,1
2006,21,M,LM,12
2006,21,M,UM,46
2006,22,F,H,70
2006,22,F,LM,14
2006,22,F,UM,29
2006,22,M,H,105
2006,22,M,L,1
2006,22,M,LM,27
2006,22,M,UM,40
2006,23,F,H,72
2006,23,F,LM,20
2006,23,F,UM,38
2006,23,M,H,138
2006,23,M,LM,16
2006,23,M,UM,80
2006,24,F,H,119
2006,24,F,L,2
2006,24,F,LM,11
2006,24,F,UM,17
2006,24,M,H,144
2006,24,M,L,4
2006,24,M,LM,17
2006,24,M,UM,34
2006,25,F,H,111
2006,25,F,L,1
2006,25,F,LM,18
2006,25,F,UM,16
2006,25,M,H,159
2006,25,M,L,2
2006,25,M,LM,17
2006,25,M,UM,69
2006,26,F,H,91
2006,26,F,L,1
2006,26,F,LM,8
2006,26,F,UM,27
2006,26,M,H,119
2006,26,M,L,2
2006,26,M,LM,12
2006,26,M,UM,28
2006,27,F,H,81
2006,27,F,LM,10
2006,27,F,UM,21
2006,27,M,H,142
2006,27,M,L,1
2006,27,M,LM,9
2006,27,M,UM,40
2006,28,F,H,64
2006,28,F,LM,30
2006,28,F,UM,26
2006,28,M,H,177
2006,28,M,L,3
2006,28,M,LM,11
2006,28,M,UM,25
2006,29,F,H,79
2006,29,F,LM,8
2006,29,F,UM,15
2006,29,M,H,128
2006,29,M,L,1
2006,29,M,LM,19
2006,29,M,UM,32
2006,30,F,H,58
2006,30,F,LM,8
2006,30,F,UM,21
2006,30,M,H,108
2006,30,M,LM,5
2006,30,M,UM,25
2006,31,F,H,56
2006,31,F,LM,1
2006,31,F,UM,5
2006,31,M,H,74
2006,31,M,L,1
2006,31,M,UM,19
2006,32,F,H,53
2006,32,F,LM,10
2006,32,F,UM,14
2006,32,M,H,77
2006,32,M,LM,2
2006,32,M,UM,12
2006,33,F,H,18
2006,33,F,LM,6
2006,33,F,UM,13
2006,33,M,H,64
2006,33,M,LM,2
2006,33,M,UM,22
2006,34,F,H,16
2006,34,F,UM,8
2006,34,M,H,35
2006,34,M,L,1
2006,34,M,UM,6
2006,35,F,H,11
2006,35,F,UM,4
2006,35,M,H,57
2006,35,M,UM,14
2006,36,F,H,7
2006,36,F,LM,1
2006,36,M,H,30
2006,36,M,L,1
2006,36,M,UM,6
2006,37,F,H,3
2006,37,F,UM,1
2006,37,M,H,8
2006,37,M,UM,2
2006,38,F,H,5
2006,38,M,H,26
2006,38,M,LM,3
2006,38,M,UM,2
2006,39,F,H,2
2006,39,M,H,3
2006,39,M,LM,2
2006,39,M,UM,5
2006,40,F,H,2
2006,40,M,H,2
2006,41,F,H,5
2006,41,M,H,2
2006,41,M,UM,1
2006,42,F,H,1
2006,42,M,H,2
2006,43,F,H,1
2006,43,M,H,1
2006,44,F,H,1
2006,44,M,H,1
2006,44,M,UM,2
2006,45,M,H,2
2006,46,M,H,1
2006,47,M,LM,1
2006,49,M,H,1
2006,49,M,UM,1
2006,50,M,H,1
2006,52,M,UM,1
2008,12,F,LM,1
2008,13,F,UM,1
2008,13,M,UM,1
2008,14,F,H,4
2008,14,F,L,2
2008,14,F,LM,4
2008,14,F,UM,1
2008,14,M,H,2
2008,14,M,UM,1
2008,15,F,H,36
2008,15,F,L,3
2008,15,F,LM,19
2008,15,F,UM,17
2008,15,M,H,1
2008,15,M,LM,1
2008,16,F,H,71
2008,16,F,L,6
2008,16,F,LM,39
2008,16,F,UM,41
2008,16,M,H,6
2008,16,M,L,1
2008,16,M,LM,9
2008,16,M,UM,6
2008,17,F,H,97
2008,17,F,L,8
2008,17,F,LM,40
2008,17,F,UM,49
2008,17,M,H,8
2008,17,M,L,3
2008,17,M,LM,7
2008,17,M,UM,10
2008,18,F,H,137
2008,18,F,L,12
2008,18,F,LM,47
2008,18,F,UM,60
2008,18,M,H,55
2008,18,M,L,13
2008,18,M,LM,27
2008,18,M,UM,27
2008,19,F,H,149
2008,19,F,L,25
2008,19,F,LM,38
2008,19,F,UM,76
2008,19,M,H,122
2008,19,M,L,22
2008,19,M,LM,40
2008,19,M,UM,52
2008,20,F,H,167
2008,20,F,L,8
2008,20,F,LM,79
2008,20,F,UM,94
2008,20,M,H,186
2008,20,M,L,11
2008,20,M,LM,62
2008,20,M,UM,93
2008,21,F,H,191
2008,21,F,L,14
2008,21,F,LM,77
2008,21,F,UM,85
2008,21,M,H,272
2008,21,M,L,27
2008,21,M,LM,88
2008,21,M,UM,149
2008,22,F,H,228
2008,22,F,L,15
2008,22,F,LM,73
2008,22,F,UM,126
2008,22,M,H,306
2008,22,M,L,28
2008,22,M,LM,110
2008,22,M,UM,127
2008,23,F,H,219
2008,23,F,L,16
2008,23,F,LM,60
2008,23,F,UM,106
2008,23,M,H,388
2008,23,M,L,26
2008,23,M,LM,103
2008,23,M,UM,195
2008,24,F,H,243
2008,24,F,L,23
2008,24,F,LM,62
2008,24,F,UM,109
2008,24,M,H,327
2008,24,M,L,20
2008,24,M,LM,117
2008,24,M,UM,176
2008,25,F,H,234
2008,25,F,L,9
2008,25,F,LM,49
2008,25,F,UM,108
2008,25,M,H,349
2008,25,M,L,31
2008,25,M,LM,87
2008,25,M,UM,163
2008,26,F,H,219
2008,26,F,L,10
2008,26,F,LM,73
2008,26,F,UM,97
2008,26,M,H,322
2008,26,M,L,22
2008,26,M,LM,96
2008,26,M,UM,118
2008,27,F,H,211
2008,27,F,L,8
2008,27,F,LM,43
2008,27,F,UM,81
2008,27,M,H,316
2008,27,M,L,10
2008,27,M,LM,82
2008,27,M,UM,133
2008,28,F,H,166
2008,28,F,L,6
2008,28,F,LM,34
2008,28,F,UM,75
2008,28,M,H,310
2008,28,M,L,11
2008,28,M,LM,70
2008,28,M,UM,126
2008,29,F,H,163
2008,29,F,L,8
2008,29,F,LM,27
2008,29,F,UM,68
2008,29,M,H,212
2008,29,M,L,12
2008,29,M,LM,45
2008,29,M,UM,94
2008,30,F,H,135
2008,30,F,L,3
2008,30,F,LM,24
2008,30,F,UM,52
2008,30,M,H,197
2008,30,M,L,10
2008,30,M,LM,52
2008,30,M,UM,83
2008,31,F,H,111
2008,31,F,L,3
2008,31,F,LM,15
2008,31,F,UM,37
2008,31,M,H,171
2008,31,M,L,10
2008,31,M,LM,28
2008,31,M,UM,77
2008,32,F,H,88
2008,32,F,L,8
2008,32,F,LM,16
2008,32,F,UM,42
2008,32,M,H,174
2008,32,M,L,6
2008,32,M,LM,17
2008,32,M,UM,75
2008,33,F,H,83
2008,33,F,L,1
2008,33,F,LM,5
2008,33,F,UM,25
2008,33,M,H,115
2008,33,M,L,5
2008,33,M,LM,19
2008,33,M,UM,40
2008,34,F,H,61
2008,34,F,L,1
2008,34,F,LM,10
2008,34,F,UM,26
2008,34,M,H,72
2008,34,M,L,4
2008,34,M,LM,17
2008,34,M,UM,36
2008,35,F,H,41
2008,35,F,L,3
2008,35,F,LM,10
2008,35,F,UM,13
2008,35,M,H,75
2008,35,M,L,4
2008,35,M,LM,18
2008,35,M,UM,30
2008,36,F,H,32
2008,36,F,L,2
2008,36,F,LM,3
2008,36,F,UM,14
2008,36,M,H,60
2008,36,M,LM,8
2008,36,M,UM,17
2008,37,F,H,23
2008,37,F,L,1
2008,37,F,LM,3
2008,37,F,UM,18
2008,37,M,H,40
2008,37,M,LM,4
2008,37,M,UM,17
2008,38,F,H,28
2008,38,F,LM,3
2008,38,F,UM,7
2008,38,M,H,32
2008,38,M,L,2
2008,38,M,LM,8
2008,38,M,UM,20
2008,39,F,H,14
2008,39,F,L,1
2008,39,F,LM,2
2008,39,F,UM,8
2008,39,M,H,28
2008,39,M,LM,5
2008,39,M,UM,7
2008,40,F,H,14
2008,40,F,LM,1
2008,40,F,UM,4
2008,40,M,H,20
2008,40,M,L,2
2008,40,M,LM,11
2008,40,M,UM,13
2008,41,F,H,5
2008,41,F,UM,3
2008,41,M,H,14
2008,41,M,LM,2
2008,41,M,UM,1
2008,42,F,H,7
2008,42,F,L,1
2008,42,F,LM,1
2008,42,F,UM,4
2008,42,M,H,13
2008,42,M,LM,3
2008,42,M,UM,8
2008,43,F,H,3
2008,43,F,UM,2
2008,43,M,H,11
2008,43,M,LM,2
2008,43,M,UM,2
2008,44,F,H,10
2008,44,F,UM,1
2008,44,M,H,14
2008,44,M,LM,2
2008,44,M,UM,5
2008,45,F,H,5
2008,45,F,LM,2
2008,45,M,H,14
2008,45,M,LM,4
2008,45,M,UM,3
2008,46,F,H,3
2008,46,F,LM,2
2008,46,F,UM,1
2008,46,M,H,8
2008,46,M,LM,2
2008,46,M,UM,1
2008,47,F,H,3
2008,47,F,UM,2
2008,47,M,H,9
2008,47,M,UM,2
2008,48,F,H,1
2008,48,F,UM,1
2008,48,M,H,14
2008,48,M,L,2
2008,48,M,UM,1
2008,49,F,H,6
2008,49,M,H,3
2008,49,M,UM,1
2008,50,F,H,3
2008,50,M,H,5
2008,51,M,H,2
2008,51,M,UM,1
2008,52,F,H,2
2008,52,M,H,4
2008,53,F,H,2
2008,53,M,H,1
2008,54,M,H,2
2008,55,M,H,2
2008,55,M,UM,1
2008,56,F,H,2
2008,57,F,H,1
2008,58,F,H,2
2008,58,M,H,1
2008,60,M,H,2
2008,61,M,H,2
2008,61,M,UM,1
2008,67,M,H,2
2010,15,F,H,4
2010,15,F,LM,1
2010,15,M,H,1
2010,16,F,H,11
2010,16,F,LM,2
2010,16,F,UM,3
2010,16,M,H,1
2010,16,M,LM,2
2010,16,M,UM,7
2010,17,F,H,29
2010,17,F,UM,8
2010,17,M,H,14
2010,17,M,LM,1
2010,17,M,UM,8
2010,18,F,H,28
2010,18,F,UM,24
2010,18,M,H,25
2010,18,M,LM,2
2010,18,M,UM,7
2010,19,F,H,66
2010,19,F,LM,1
2010,19,F,UM,24
2010,19,M,H,35
2010,19,M,LM,3
2010,19,M,UM,15
2010,20,F,H,80
2010,20,F,LM,4
2010,20,F,UM,18
2010,20,M,H,87
2010,20,M,LM,1
2010,20,M,UM,23
2010,21,F,H,100
2010,21,F,LM,3
2010,21,F,UM,26
2010,21,M,H,87
2010,21,M,LM,6
2010,21,M,UM,24
2010,22,F,H,73
2010,22,F,LM,7
2010,22,F,UM,14
2010,22,M,H,114
2010,22,M,LM,5
2010,22,M,UM,71
2010,23,F,H,125
2010,23,F,LM,8
2010,23,F,UM,30
2010,23,M,H,133
2010,23,M,L,1
2010,23,M,LM,1
2010,23,M,UM,42
2010,24,F,H,126
2010,24,F,L,2
2010,24,F,LM,17
2010,24,F,UM,48
2010,24,M,H,197
2010,24,M,LM,3
2010,24,M,UM,34
2010,25,F,H,124
2010,25,F,LM,2
2010,25,F,UM,33
2010,25,M,H,184
2010,25,M,LM,7
2010,25,M,UM,34
2010,26,F,H,93
2010,26,F,UM,24
2010,26,M,H,121
2010,26,M,L,2
2010,26,M,LM,10
2010,26,M,UM,29
2010,27,F,H,88
2010,27,F,UM,46
2010,27,M,H,172
2010,27,M,LM,6
2010,27,M,UM,45
2010,28,F,H,77
2010,28,F,L,1
2010,28,F,LM,3
2010,28,F,UM,21
2010,28,M,H,125
2010,28,M,LM,5
2010,28,M,UM,16
2010,29,F,H,76
2010,29,F,LM,2
2010,29,F,UM,27
2010,29,M,H,123
2010,29,M,UM,34
2010,30,F,H,64
2010,30,F,UM,6
2010,30,M,H,79
2010,30,M,LM,1
2010,30,M,UM,12
2010,31,F,H,49
2010,31,F,UM,26
2010,31,M,H,97
2010,31,M,LM,2
2010,31,M,UM,7
2010,32,F,H,32
2010,32,F,LM,8
2010,32,F,UM,16
2010,32,M,H,125
2010,32,M,L,4
2010,32,M,LM,9
2010,32,M,UM,12
2010,33,F,H,41
2010,33,F,LM,2
2010,33,F,UM,4
2010,33,M,H,75
2010,33,M,LM,5
2010,33,M,UM,8
2010,34,F,H,16
2010,34,F,LM,4
2010,34,F,UM,7
2010,34,M,H,54
2010,34,M,UM,6
2010,35,F,H,19
2010,35,M,H,37
2010,35,M,L,1
2010,35,M,LM,2
2010,35,M,UM,10
2010,36,F,H,14
2010,36,M,H,37
2010,36,M,UM,6
2010,37,F,H,7
2010,37,F,LM,1
2010,37,F,UM,9
2010,37,M,H,28
2010,38,F,H,9
2010,38,F,UM,1
2010,38,M,H,17
2010,38,M,UM,3
2010,39,F,H,2
2010,39,M,H,14
2010,39,M,UM,5
2010,40,F,H,1
2010,40,F,LM,1
2010,40,M,H,12
2010,40,M,L,1
2010,40,M,UM,1
2010,41,M,H,1
2010,42,M,H,5
2010,43,F,H,3
2010,43,M,H,1
2010,44,F,H,3
2010,45,M,H,4
2010,46,F,H,1
2010,47,M,H,1
2010,47,M,UM,1
2010,48,M,H,1
2010,51,M,UM,2
2012,13,F,L,1
2012,14,F,H,1
2012,14,F,L,2
2012,14,F,UM,4
2012,15,F,H,36
2012,15,F,L,1
2012,15,F,LM,4
2012,15,F,UM,6
2012,15,M,H,3
2012,15,M,L,1
2012,15,M,LM,2
2012,15,M,UM,1
2012,16,F,H,55
2012,16,F,L,3
2012,16,F,LM,9
2012,16,F,UM,37
2012,16,M,H,1
2012,16,M,L,1
2012,16,M,UM,3
2012,17,F,H,96
2012,17,F,L,5
2012,17,F,LM,20
2012,17,F,UM,31
2012,17,M,H,23
2012,17,M,L,2
2012,17,M,LM,6
2012,17,M,UM,6
2012,18,F,H,150
2012,18,F,L,11
2012,18,F,LM,19
2012,18,F,UM,47
2012,18,M,H,54
2012,18,M,L,16
2012,18,M,LM,33
2012,18,M,UM,33
2012,19,F,H,124
2012,19,F,L,13
2012,19,F,LM,32
2012,19,F,UM,56
2012,19,M,H,101
2012,19,M,L,9
2012,19,M,LM,37
2012,19,M,UM,58
2012,20,F,H,194
2012,20,F,L,7
2012,20,F,LM,27
2012,20,F,UM,88
2012,20,M,H,185
2012,20,M,L,13
2012,20,M,LM,35
2012,20,M,UM,91
2012,21,F,H,239
2012,21,F,L,18
2012,21,F,LM,35
2012,21,F,UM,91
2012,21,M,H,208
2012,21,M,L,13
2012,21,M,LM,51
2012,21,M,UM,132
2012,22,F,H,274
2012,22,F,L,8
2012,22,F,LM,41
2012,22,F,UM,123
2012,22,M,H,256
2012,22,M,L,13
2012,22,M,LM,55
2012,22,M,UM,147
2012,23,F,H,290
2012,23,F,L,14
2012,23,F,LM,30
2012,23,F,UM,124
2012,23,M,H,372
2012,23,M,L,21
2012,23,M,LM,78
2012,23,M,UM,145
2012,24,F,H,289
2012,24,F,L,9
2012,24,F,LM,50
2012,24,F,UM,134
2012,24,M,H,351
2012,24,M,L,14
2012,24,M,LM,49
2012,24,M,UM,164
2012,25,F,H,293
2012,25,F,L,7
2012,25,F,LM,34
2012,25,F,UM,125
2012,25,M,H,371
2012,25,M,L,15
2012,25,M,LM,69
2012,25,M,UM,154
2012,26,F,H,246
2012,26,F,L,8
2012,26,F,LM,29
2012,26,F,UM,119
2012,26,M,H,305
2012,26,M,L,12
2012,26,M,LM,48
2012,26,M,UM,129
2012,27,F,H,258
2012,27,F,L,11
2012,27,F,LM,21
2012,27,F,UM,81
2012,27,M,H,378
2012,27,M,L,15
2012,27,M,LM,43
2012,27,M,UM,127
2012,28,F,H,202
2012,28,F,L,14
2012,28,F,LM,21
2012,28,F,UM,67
2012,28,M,H,272
2012,28,M,L,8
2012,28,M,LM,40
2012,28,M,UM,109
2012,29,F,H,198
2012,29,F,L,2
2012,29,F,LM,22
2012,29,F,UM,70
2012,29,M,H,248
2012,29,M,L,8
2012,29,M,LM,34
2012,29,M,UM,100
2012,30,F,H,157
2012,30,F,L,5
2012,30,F,LM,18
2012,30,F,UM,56
2012,30,M,H,225
2012,30,M,L,13
2012,30,M,LM,25
2012,30,M,UM,70
2012,31,F,H,127
2012,31,F,LM,13
2012,31,F,UM,41
2012,31,M,H,201
2012,31,M,L,4
2012,31,M,LM,24
2012,31,M,UM,50
2012,32,F,H,117
2012,32,F,L,2
2012,32,F,LM,4
2012,32,F,UM,28
2012,32,M,H,151
2012,32,M,L,3
2012,32,M,LM,27
2012,32,M,UM,51
2012,33,F,H,79
2012,33,F,L,3
2012,33,F,LM,2
2012,33,F,UM,24
2012,33,M,H,110
2012,33,M,L,1
2012,33,M,LM,14
2012,33,M,UM,39
2012,34,F,H,65
2012,34,F,L,1
2012,34,F,LM,6
2012,34,F,UM,15
2012,34,M,H,73
2012,34,M,L,1
2012,34,M,LM,13
2012,34,M,UM,32
2012,35,F,H,28
2012,35,F,L,1
2012,35,F,LM,5
2012,35,F,UM,10
2012,35,M,H,75
2012,35,M,L,2
2012,35,M,LM,6
2012,35,M,UM,28
2012,36,F,H,32
2012,36,F,L,1
2012,36,F,LM,5
2012,36,F,UM,15
2012,36,M,H,76
2012,36,M,LM,4
2012,36,M,UM,20
2012,37,F,H,28
2012,37,F,LM,1
2012,37,F,UM,3
2012,37,M,H,43
2012,37,M,LM,6
2012,37,M,UM,14
2012,38,F,H,19
2012,38,F,LM,1
2012,38,F,UM,10
2012,38,M,H,30
2012,38,M,LM,4
2012,38,M,UM,11
2012,39,F,H,23
2012,39,F,UM,3
2012,39,M,H,30
2012,39,M,LM,5
2012,39,M,UM,16
2012,40,F,H,9
2012,40,F,LM,1
2012,40,F,UM,4
2012,40,M,H,31
2012,40,M,LM,2
2012,40,M,UM,5
2012,41,F,H,16
2012,41,F,LM,1
2012,41,F,UM,4
2012,41,M,H,13
2012,41,M,L,1
2012,41,M,LM,4
2012,41,M,UM,1
2012,42,F,H,11
2012,42,F,UM,2
2012,42,M,H,24
2012,42,M,UM,6
2012,43,F,H,10
2012,43,F,LM,2
2012,43,F,UM,4
2012,43,M,H,13
2012,43,M,LM,2
2012,43,M,UM,8
2012,44,F,H,7
2012,44,M,H,13
2012,44,M,L,1
2012,44,M,UM,8
2012,45,F,H,3
2012,45,F,UM,1
2012,45,M,H,9
2012,45,M,LM,1
2012,45,M,UM,2
2012,46,F,H,7
2012,46,F,UM,2
2012,46,M,H,5
2012,46,M,LM,1
2012,46,M,UM,1
2012,47,F,H,1
2012,47,M,H,9
2012,47,M,UM,1
2012,48,F,H,8
2012,48,M,H,7
2012,49,F,H,4
2012,49,F,LM,1
2012,49,M,H,10
2012,49,M,UM,1
2012,50,F,H,5
2012,50,M,H,7
2012,51,F,H,2
2012,51,M,H,5
2012,52,F,H,1
2012,52,M,H,6
2012,52,M,UM,2
2012,53,M,H,6
2012,53,M,UM,1
2012,54,F,H,2
2012,54,F,UM,2
2012,54,M,H,2
2012,56,M,H,5
2012,57,F,H,2
2012,57,M,UM,1
2012,58,M,H,2
2012,61,M,H,1
2012,65,M,H,3
2012,71,M,H,1
2014,15,F,H,8
2014,15,M,H,2
2014,16,F,H,13
2014,16,F,LM,2
2014,16,F,UM,3
2014,16,M,H,4
2014,16,M,UM,2
2014,17,F,H,31
2014,17,F,UM,2
2014,17,M,H,17
2014,17,M,LM,1
2014,17,M,UM,7
2014,18,F,H,56
2014,18,F,L,2
2014,18,F,LM,3
2014,18,F,UM,11
2014,18,M,H,44
2014,18,M,LM,6
2014,18,M,UM,8
2014,19,F,H,59
2014,19,F,L,1
2014,19,F,LM,1
2014,19,F,UM,5
2014,19,M,H,60
2014,19,M,LM,6
2014,19,M,UM,9
2014,20,F,H,71
2014,20,F,LM,7
2014,20,F,UM,8
2014,20,M,H,104
2014,20,M,L,2
2014,20,M,LM,5
2014,20,M,UM,8
2014,21,F,H,124
2014,21,F,LM,1
2014,21,F,UM,17
2014,21,M,H,117
2014,21,M,LM,5
2014,21,M,UM,11
2014,22,F,H,112
2014,22,F,LM,3
2014,22,F,UM,27
2014,22,M,H,176
2014,22,M,LM,9
2014,22,M,UM,32
2014,23,F,H,172
2014,23,F,LM,6
2014,23,F,UM,9
2014,23,M,H,189
2014,23,M,LM,4
2014,23,M,UM,16
2014,24,F,H,167
2014,24,F,LM,4
2014,24,F,UM,12
2014,24,M,H,209
2014,24,M,LM,2
2014,24,M,UM,24
2014,25,F,H,143
2014,25,F,LM,2
2014,25,F,UM,12
2014,25,M,H,205
2014,25,M,LM,9
2014,25,M,UM,24
2014,26,F,H,121
2014,26,F,LM,8
2014,26,F,UM,10
2014,26,M,H,189
2014,26,M,LM,8
2014,26,M,UM,47
2014,27,F,H,137
2014,27,F,LM,5
2014,27,F,UM,17
2014,27,M,H,189
2014,27,M,UM,15
2014,28,F,H,125
2014,28,F,LM,14
2014,28,F,UM,21
2014,28,M,H,184
2014,28,M,LM,1
2014,28,M,UM,28
2014,29,F,H,107
2014,29,F,UM,7
2014,29,M,H,158
2014,29,M,LM,2
2014,29,M,UM,8
2014,30,F,H,84
2014,30,F,LM,3
2014,30,F,UM,1
2014,30,M,H,145
2014,30,M,LM,3
2014,30,M,UM,6
2014,31,F,H,62
2014,31,F,UM,12
2014,31,M,H,114
2014,31,M,LM,4
2014,31,M,UM,9
2014,32,F,H,42
2014,32,F,LM,3
2014,32,F,UM,1
2014,32,M,H,92
2014,32,M,UM,3
2014,33,F,H,34
2014,33,F,UM,13
2014,33,M,H,85
2014,33,M,UM,3
2014,34,F,H,22
2014,34,F,UM,2
2014,34,M,H,43
2014,34,M,UM,7
2014,35,F,H,27
2014,35,F,UM,5
2014,35,M,H,50
2014,36,F,H,10
2014,36,M,H,53
2014,36,M,LM,5
2014,36,M,UM,2
2014,37,F,H,4
2014,37,F,UM,1
2014,37,M,H,25
2014,38,F,H,3
2014,38,F,LM,4
2014,38,F,UM,3
2014,38,M,H,15
2014,39,F,H,6
2014,39,M,H,8
2014,40,F,H,4
2014,40,M,H,10
2014,40,M,UM,4
2014,41,F,H,5
2014,41,M,H,9
2014,42,F,H,1
2014,42,M,H,5
2014,43,M,H,2
2014,43,M,UM,1
2014,44,M,H,2
2014,44,M,L,1
2014,45,F,H,1
2014,46,M,UM,1
2014,47,M,UM,1
2014,48,M,H,1
2014,55,M,UM,1
2016,13,F,L,1
2016,13,F,UM,1
2016,14,F,H,3
2016,14,F,LM,3
2016,14,F,UM,4
2016,14,M,LM,1
2016,15,F,H,15
2016,15,F,L,2
2016,15,F,LM,1
2016,15,F,UM,3
2016,15,M,L,1
2016,15,M,LM,1
2016,16,F,H,71
2016,16,F,L,3
2016,16,F,LM,4
2016,16,F,UM,27
2016,16,M,H,3
2016,16,M,LM,5
2016,17,F,H,59
2016,17,F,L,5
2016,17,F,LM,10
2016,17,F,UM,70
2016,17,M,H,13
2016,17,M,L,3
2016,17,M,LM,5
2016,17,M,UM,16
2016,18,F,H,93
2016,18,F,L,10
2016,18,F,LM,26
2016,18,F,UM,44
2016,18,M,H,34
2016,18,M,L,6
2016,18,M,LM,17
2016,18,M,UM,31
2016,19,F,H,146
2016,19,F,L,11
2016,19,F,LM,25
2016,19,F,UM,75
2016,19,M,H,111
2016,19,M,L,7
2016,19,M,LM,36
2016,19,M,UM,81
2016,20,F,H,155
2016,20,F,L,7
2016,20,F,LM,40
2016,20,F,UM,98
2016,20,M,H,147
2016,20,M,L,9
2016,20,M,LM,44
2016,20,M,UM,107
2016,21,F,H,210
2016,21,F,L,9
2016,21,F,LM,51
2016,21,F,UM,109
2016,21,M,H,255
2016,21,M,L,11
2016,21,M,LM,35
2016,21,M,UM,103
2016,22,F,H,258
2016,22,F,L,11
2016,22,F,LM,52
2016,22,F,UM,128
2016,22,M,H,272
2016,22,M,L,16
2016,22,M,LM,69
2016,22,M,UM,197
2016,23,F,H,295
2016,23,F,L,9
2016,23,F,LM,49
2016,23,F,UM,99
2016,23,M,H,313
2016,23,M,L,10
2016,23,M,LM,73
2016,23,M,UM,199
2016,24,F,H,304
2016,24,F,L,12
2016,24,F,LM,37
2016,24,F,UM,130
2016,24,M,H,314
2016,24,M,L,11
2016,24,M,LM,65
2016,24,M,UM,199
2016,25,F,H,292
2016,25,F,L,9
2016,25,F,LM,42
2016,25,F,UM,143
2016,25,M,H,347
2016,25,M,L,11
2016,25,M,LM,68
2016,25,M,UM,153
2016,26,F,H,256
2016,26,F,L,9
2016,26,F,LM,46
2016,26,F,UM,118
2016,26,M,H,331
2016,26,M,L,7
2016,26,M,LM,59
2016,26,M,UM,170
2016,27,F,H,270
2016,27,F,L,11
2016,27,F,LM,54
2016,27,F,UM,130
2016,27,M,H,339
2016,27,M,L,10
2016,27,M,LM,58
2016,27,M,UM,162
2016,28,F,H,237
2016,28,F,L,7
2016,28,F,LM,39
2016,28,F,UM,132
2016,28,M,H,270
2016,28,M,L,6
2016,28,M,LM,57
2016,28,M,UM,158
2016,29,F,H,199
2016,29,F,L,5
2016,29,F,LM,27
2016,29,F,UM,103
2016,29,M,H,259
2016,29,M,L,5
2016,29,M,LM,46
2016,29,M,UM,118
2016,30,F,H,172
2016,30,F,L,6
2016,30,F,LM,20
2016,30,F,UM,79
2016,30,M,H,208
2016,30,M,L,6
2016,30,M,LM,34
2016,30,M,UM,102
2016,31,F,H,130
2016,31,F,L,5
2016,31,F,LM,18
2016,31,F,UM,48
2016,31,M,H,196
2016,31,M,L,5
2016,31,M,LM,26
2016,31,M,UM,87
2016,32,F,H,101
2016,32,F,L,5
2016,32,F,LM,16
2016,32,F,UM,42
2016,32,M,H,150
2016,32,M,L,2
2016,32,M,LM,27
2016,32,M,UM,64
2016,33,F,H,89
2016,33,F,L,2
2016,33,F,LM,8
2016,33,F,UM,40
2016,33,M,H,116
2016,33,M,L,2
2016,33,M,LM,25
2016,33,M,UM,64
2016,34,F,H,68
2016,34,F,L,1
2016,34,F,LM,8
2016,34,F,UM,29
2016,34,M,H,118
2016,34,M,L,4
2016,34,M,LM,13
2016,34,M,UM,36
2016,35,F,H,45
2016,35,F,L,2
2016,35,F,LM,7
2016,35,F,UM,25
2016,35,M,H,77
2016,35,M,L,5
2016,35,M,LM,15
2016,35,M,UM,21
2016,36,F,H,44
2016,36,F,LM,3
2016,36,F,UM,23
2016,36,M,H,54
2016,36,M,L,1
2016,36,M,LM,13
2016,36,M,UM,23
2016,37,F,H,27
2016,37,F,L,1
2016,37,F,LM,1
2016,37,F,UM,9
2016,37,M,H,45
2016,37,M,L,2
2016,37,M,LM,5
2016,37,M,UM,26
2016,38,F,H,17
2016,38,F,LM,5
2016,38,F,UM,11
2016,38,M,H,16
2016,38,M,L,1
2016,38,M,LM,5
2016,38,M,UM,9
2016,39,F,H,11
2016,39,F,LM,1
2016,39,F,UM,4
2016,39,M,H,22
2016,39,M,L,2
2016,39,M,LM,4
2016,39,M,UM,11
2016,40,F,H,9
2016,40,F,LM,2
2016,40,F,UM,2
2016,40,M,H,28
2016,40,M,LM,2
2016,40,M,UM,10
2016,41,F,H,10
2016,41,F,LM,2
2016,41,F,UM,2
2016,41,M,H,16
2016,41,M,LM,6
2016,41,M,UM,4
2016,42,F,H,8
2016,42,F,LM,4
2016,42,F,UM,3
2016,42,M,H,10
2016,42,M,L,1
2016,42,M,LM,3
2016,42,M,UM,4
2016,43,F,H,11
2016,43,M,H,14
2016,43,M,LM,1
2016,43,M,UM,6
2016,44,F,H,6
2016,44,F,LM,1
2016,44,F,UM,1
2016,44,M,H,10
2016,44,M,LM,1
2016,44,M,UM,5
2016,45,F,H,5
2016,45,F,L,1
2016,45,M,H,5
2016,46,F,H,3
2016,46,M,H,7
2016,46,M,LM,1
2016,46,M,UM,6
2016,47,F,H,10
2016,47,F,LM,2
2016,47,M,H,6
2016,47,M,LM,2
2016,47,M,UM,3
2016,48,F,H,2
2016,48,F,UM,2
2016,48,M,H,6
2016,48,M,LM,3
2016,49,F,H,2
2016,49,M,H,3
2016,49,M,UM,2
2016,50,F,H,4
2016,50,M,H,3
2016,50,M,UM,1
2016,51,F,H,2
2016,51,F,UM,1
2016,51,M,H,9
2016,51,M,LM,1
2016,51,M,UM,3
2016,52,F,H,4
2016,52,M,H,4
2016,52,M,UM,2
2016,53,F,H,1
2016,53,M,H,3
2016,53,M,UM,2
2016,54,F,UM,1
2016,54,M,H,4
2016,54,M,LM,1
2016,54,M,UM,1
2016,55,M,UM,1
2016,56,F,H,1
2016,56,M,H,2
2016,58,M,H,2
2016,60,F,H,2
2016,60,M,H,4
2016,61,F,H,2
2016,62,F,H,1
